Date,HomeTeam,AwayTeam,BetSide,Odds,Profit,FactorValue
2024-04-04T16:00:00.000Z,Liverpool,Sheff Utd,home,1.88,87.99999999999999,450
2023-12-29T16:00:00.000Z,Manchester City,Sheff Utd,home,1.97,97,432.69230769230774
2025-03-07T16:00:00.000Z,Liverpool,Southampton,home,1.98,98,361.90476190476187
2024-12-26T16:00:00.000Z,Liverpool,Leicester,home,1.77,77,304.76190476190476
2024-01-31T16:00:00.000Z,Manchester City,Burnley,home,2.16,116.00000000000001,288.6792452830189
2024-10-25T16:00:00.000Z,Manchester City,Southampton,home,2.07,106.99999999999999,288.6792452830189
2024-04-12T16:00:00.000Z,Manchester City,Luton,home,1.92,92,285.71428571428567
2023-11-03T16:00:00.000Z,Manchester City,Bournemouth,home,1.95,95,266.66666666666663
2024-02-09T16:00:00.000Z,Liverpool,Burnley,home,1.88,87.99999999999999,266.66666666666663
2023-10-27T16:00:00.000Z,Arsenal,Sheff Utd,home,1.76,76,256.60377358490564
2024-04-03T16:00:00.000Z,Arsenal,Luton,home,1.7,70,254.71698113207546
2025-01-24T16:00:00.000Z,Liverpool,Ipswich,home,2.02,102,254.2056074766355
2023-03-03T16:00:00.000Z,Arsenal,Bournemouth,home,1.71,71,245.45454545454547
2022-10-07T16:00:00.000Z,Manchester City,Southampton,home,2.02,102,237.73584905660377
2023-11-10T16:00:00.000Z,Arsenal,Burnley,home,1.96,96,237.037037037037
2023-04-15T16:00:00.000Z,Manchester City,Leicester,home,1.82,82,236.1111111111111
2024-12-27T16:00:00.000Z,Arsenal,Ipswich,home,1.94,94,236.1111111111111
2022-08-31T16:00:00.000Z,Manchester City,Nottingham Forest,home,1.84,84.00000000000001,228.57142857142856
2024-08-23T16:00:00.000Z,Manchester City,Ipswich,home,2,100,226.4150943396226
2022-12-30T16:00:00.000Z,Manchester City,Everton,home,1.77,0,222.42990654205607
2024-10-04T16:00:00.000Z,Arsenal,Southampton,home,1.78,78,220.18348623853208
2023-04-21T16:00:00.000Z,Arsenal,Southampton,home,2.03,0,218.58407079646022
2023-12-15T16:00:00.000Z,Manchester City,Crystal Palace,home,1.92,0,209.1743119266055
2022-10-29T16:00:00.000Z,Arsenal,Nottingham Forest,home,1.78,78,207.07964601769916
2023-05-05T16:00:00.000Z,Manchester City,Leeds,home,1.92,92,205.5045871559633
2025-02-25T16:00:00.000Z,Chelsea,Southampton,home,1.82,82,201.38888888888886
2023-04-29T16:00:00.000Z,Newcastle,Southampton,home,1.83,83,188.05309734513276
2023-12-22T16:00:00.000Z,Aston Villa,Sheff Utd,home,1.96,0,180.18018018018017
2024-04-13T16:00:00.000Z,Liverpool,Crystal Palace,home,1.77,-100,173.394495412844
2025-02-15T16:00:00.000Z,Liverpool,Wolves,home,1.78,78,164.28571428571428
2024-05-18T16:00:00.000Z,Manchester City,West Ham,home,1.89,88.99999999999999,161.53846153846152
2023-05-03T16:00:00.000Z,Manchester City,West Ham,home,1.78,78,159.54545454545453
2023-01-21T16:00:00.000Z,Manchester City,Wolves,home,2.12,112.00000000000001,159.2920353982301
2023-05-20T16:00:00.000Z,Brighton,Southampton,home,1.88,87.99999999999999,157.65765765765764
2025-04-25T16:00:00.000Z,Newcastle,Ipswich,home,2.05,104.99999999999999,154.12844036697248
2023-03-11T16:00:00.000Z,Manchester Utd,Southampton,home,1.9,0,153.87931034482762
2024-05-04T16:00:00.000Z,Manchester City,Wolves,home,1.96,96,152.83018867924528
2024-09-27T16:00:00.000Z,Arsenal,Leicester,home,1.97,97,151.3761467889908
2022-11-11T16:00:00.000Z,Manchester City,Brentford,home,1.92,-100,148.14814814814815
2023-04-21T16:00:00.000Z,Liverpool,Nottingham Forest,home,1.99,99,146.78899082568807
2024-03-09T16:00:00.000Z,Arsenal,Brentford,home,1.73,73,146.3963963963964
2025-02-21T16:00:00.000Z,Arsenal,West Ham,home,2.03,-100,144.82758620689654
2024-05-18T16:00:00.000Z,Liverpool,Wolves,home,2.02,102,143.92523364485982
2024-02-20T16:00:00.000Z,Manchester City,Brentford,home,1.8,80,143.11926605504587
2025-04-02T16:00:00.000Z,Manchester City,Leicester,home,1.86,86.00000000000001,143.11926605504587
2025-04-26T16:00:00.000Z,Liverpool,Tottenham,home,1.83,83,141.89189189189187
2023-03-01T16:00:00.000Z,Arsenal,Everton,home,2.14,114.00000000000001,140.49586776859505
2024-02-21T16:00:00.000Z,Liverpool,Luton,home,1.88,87.99999999999999,139.22413793103448
2025-03-08T16:00:00.000Z,Chelsea,Leicester,home,1.79,79,136.28318584070797
2025-04-12T16:00:00.000Z,Chelsea,Ipswich,home,1.74,0,135.13513513513513
2023-09-01T16:00:00.000Z,Manchester City,Fulham,home,2.07,106.99999999999999,133.0275229357798
2024-12-13T16:00:00.000Z,Arsenal,Everton,home,1.91,0,131.57894736842107
2024-03-29T16:00:00.000Z,Tottenham,Luton,home,1.78,78,130
2023-03-31T16:00:00.000Z,Arsenal,Leeds,home,1.89,88.99999999999999,126.72413793103449
2024-04-26T16:00:00.000Z,Newcastle,Sheff Utd,home,1.9,89.99999999999999,121.87499999999999
2023-12-01T16:00:00.000Z,Arsenal,Wolves,home,1.84,84.00000000000001,121.68141592920355
2025-04-12T16:00:00.000Z,Liverpool,West Ham,home,1.97,97,120.76271186440678
2023-10-28T16:00:00.000Z,Liverpool,Nottingham Forest,home,2.02,102,117.85714285714285
2023-12-02T16:00:00.000Z,Liverpool,Fulham,home,1.76,76,116.8141592920354
2025-01-18T16:00:00.000Z,Nottingham Forest,Southampton,home,1.78,78,112.2
2024-01-19T16:00:00.000Z,Arsenal,Crystal Palace,home,1.92,92,106.140350877193
2023-09-15T16:00:00.000Z,Tottenham,Sheff Utd,home,1.9,89.99999999999999,104.66101694915255
2023-01-03T16:00:00.000Z,Manchester Utd,Bournemouth,home,1.92,92,104.3103448275862
2023-09-22T16:00:00.000Z,Manchester City,Nottingham Forest,home,2.04,104,102.75229357798165
2023-12-29T16:00:00.000Z,Aston Villa,Burnley,home,1.75,75,102
2022-12-27T16:00:00.000Z,Manchester Utd,Nottingham Forest,home,2.07,106.99999999999999,101.2396694214876
2023-03-18T16:00:00.000Z,Arsenal,Crystal Palace,home,1.93,93,99.5689655172414
2023-05-22T16:00:00.000Z,Newcastle,Leicester,home,1.98,0,99.17355371900827
2024-05-18T16:00:00.000Z,Arsenal,Everton,home,1.92,92,99.09909909909909
2024-05-10T16:00:00.000Z,Tottenham,Burnley,home,1.84,84.00000000000001,94.91525423728814
2023-08-25T16:00:00.000Z,Arsenal,Fulham,home,1.91,0,94.01709401709402
2022-10-29T16:00:00.000Z,Liverpool,Leeds,home,1.75,-100,92.10526315789474
2024-09-13T16:00:00.000Z,Liverpool,Nottingham Forest,home,1.99,-100,90.09009009009009
2022-08-26T16:00:00.000Z,Manchester City,Crystal Palace,home,2.11,110.99999999999999,89.09090909090908
2023-10-28T16:00:00.000Z,Aston Villa,Luton,home,2.11,110.99999999999999,88.63636363636364
2024-05-03T16:00:00.000Z,Arsenal,Bournemouth,home,1.97,97,87.61061946902656
2023-05-27T16:00:00.000Z,Arsenal,Wolves,home,1.91,90.99999999999999,86.96581196581198
2022-11-11T16:00:00.000Z,Liverpool,Southampton,home,1.84,84.00000000000001,86.95652173913044
2025-05-16T16:00:00.000Z,Aston Villa,Tottenham,home,1.84,84.00000000000001,86.95652173913044
2024-04-24T16:00:00.000Z,Manchester Utd,Sheff Utd,home,1.97,97,86.66666666666667
2024-12-06T16:00:00.000Z,Aston Villa,Southampton,home,1.98,98,86.22881355932203
2024-02-09T16:00:00.000Z,Manchester City,Everton,home,1.9,89.99999999999999,86.20689655172414
2025-05-10T16:00:00.000Z,Nottingham Forest,Leicester,home,1.79,0,86.11111111111111
2025-04-11T16:00:00.000Z,Brighton,Leicester,home,1.97,0,85.47008547008548
2023-11-11T16:00:00.000Z,Brighton,Sheff Utd,home,1.95,0,83.89830508474577
2024-11-29T16:00:00.000Z,Brighton,Southampton,home,2.17,0,83.33333333333334
2024-12-13T16:00:00.000Z,Liverpool,Fulham,home,1.91,0,83.33333333333334
2024-03-29T16:00:00.000Z,Chelsea,Burnley,home,1.83,0,82.89473684210526
2022-10-18T16:00:00.000Z,Brighton,Nottingham Forest,home,1.81,0,81.88976377952756
2023-12-15T16:00:00.000Z,Chelsea,Sheff Utd,home,1.83,83,81.81818181818181
2025-02-03T16:00:00.000Z,Chelsea,West Ham,home,1.88,87.99999999999999,81.5677966101695
2022-11-04T16:00:00.000Z,Manchester City,Fulham,home,1.93,93,79.81651376146789
2023-02-03T16:00:00.000Z,Brighton,Bournemouth,home,1.75,75,79.2
2024-11-09T16:00:00.000Z,Tottenham,Ipswich,home,1.76,-100,78.94736842105264
2022-12-30T16:00:00.000Z,Liverpool,Leicester,home,1.72,72,78.12499999999999
2025-01-05T16:00:00.000Z,Liverpool,Manchester Utd,home,2.14,0,74.8015873015873
2022-09-17T16:00:00.000Z,Tottenham,Leicester,home,1.75,75,72.68115942028986
2023-05-08T16:00:00.000Z,Brighton,Everton,home,1.68,-100,72
2022-10-21T16:00:00.000Z,Manchester City,Brighton,home,1.78,78,69.64285714285714
2025-01-15T16:00:00.000Z,Newcastle,Wolves,home,1.75,75,69.04761904761905
2023-09-29T16:00:00.000Z,Newcastle,Burnley,home,1.73,73,68.54838709677419
2025-04-02T16:00:00.000Z,Liverpool,Everton,home,2.06,106,65.88235294117648
2023-10-20T16:00:00.000Z,Liverpool,Everton,home,2.22,122.00000000000001,65.71428571428571
2024-09-13T16:00:00.000Z,Brighton,Ipswich,home,1.96,0,65.26315789473685
2023-02-17T16:00:00.000Z,Chelsea,Southampton,home,1.83,-100,64.96062992125985
2022-12-26T16:00:00.000Z,Arsenal,West Ham,home,1.87,87.00000000000001,64.28571428571429
2023-02-12T16:00:00.000Z,Manchester City,Aston Villa,home,1.96,96,63.8655462184874
2025-01-20T16:00:00.000Z,Chelsea,Wolves,home,1.81,81,62
2023-12-25T16:00:00.000Z,Newcastle,Nottingham Forest,home,1.76,-100,61.50793650793651
2023-02-08T16:00:00.000Z,Manchester Utd,Leeds,home,2.03,0,61.31386861313868
2025-04-23T16:00:00.000Z,Arsenal,Crystal Palace,home,1.82,0,61.02362204724409
2024-08-23T16:00:00.000Z,Tottenham,Everton,home,2.17,117,60.483870967741936
2022-12-30T16:00:00.000Z,Newcastle,Leeds,home,1.93,0,60.45112781954887
2022-08-31T16:00:00.000Z,Arsenal,Aston Villa,home,1.8,80,59.42446043165468
2025-05-24T16:00:00.000Z,Newcastle,Everton,home,1.93,-100,58.83620689655172
2023-11-10T16:00:00.000Z,Manchester Utd,Luton,home,1.93,93,58.61344537815127
2022-10-07T16:00:00.000Z,Chelsea,Wolves,home,2.13,112.99999999999999,58.2608695652174
2023-03-10T16:00:00.000Z,Tottenham,Nottingham Forest,home,1.96,96,56.81818181818181
2024-04-07T16:00:00.000Z,Tottenham,Nottingham Forest,home,1.85,85.00000000000001,56.793893129770986
2024-09-13T16:00:00.000Z,Manchester City,Brentford,home,1.95,95,56.306306306306304
2025-05-24T16:00:00.000Z,Liverpool,Crystal Palace,home,2.12,0,56
2023-09-29T16:00:00.000Z,West Ham,Sheff Utd,home,1.94,94,55.41353383458647
2023-02-03T16:00:00.000Z,Manchester Utd,Crystal Palace,home,1.79,79,53.968253968253975
2023-05-12T16:00:00.000Z,Manchester Utd,Wolves,home,1.81,81,53.1496062992126
2023-12-08T16:00:00.000Z,Brighton,Burnley,home,2.04,0,52.55474452554744
2024-02-17T16:00:00.000Z,Manchester City,Chelsea,home,1.96,0,51.666666666666664
2024-09-20T16:00:00.000Z,Liverpool,Bournemouth,home,1.8,80,51.31578947368422
2025-01-16T16:00:00.000Z,Manchester Utd,Southampton,home,1.93,93,51.282051282051285
2024-12-15T16:00:00.000Z,Chelsea,Brentford,home,2.03,102.99999999999999,50.81967213114754
2024-03-30T16:00:00.000Z,Liverpool,Brighton,home,1.89,88.99999999999999,50.42372881355932
2022-08-19T16:00:00.000Z,Tottenham,Wolves,home,1.91,90.99999999999999,49.62406015037593
2024-04-26T16:00:00.000Z,Manchester Utd,Burnley,home,1.92,0,48.3941605839416
2024-10-25T16:00:00.000Z,Brighton,Wolves,home,1.91,0,48.27586206896552
2022-10-15T16:00:00.000Z,Tottenham,Everton,home,1.93,93,47.04545454545455
2025-02-14T16:00:00.000Z,Aston Villa,Ipswich,home,1.87,0,46.38461538461539
2024-11-23T16:00:00.000Z,Manchester City,Tottenham,home,2.22,-100,46.06299212598425
2025-05-02T16:00:00.000Z,Manchester City,Wolves,home,1.69,69,45.52845528455285
2025-01-15T16:00:00.000Z,Arsenal,Tottenham,home,1.85,85.00000000000001,45.45454545454545
2025-04-02T16:00:00.000Z,Bournemouth,Ipswich,home,1.81,-100,45.31249999999999
2024-02-23T16:00:00.000Z,Aston Villa,Nottingham Forest,home,1.88,87.99999999999999,45.13888888888889
2024-01-01T16:00:00.000Z,Liverpool,Newcastle,home,1.69,69,44.8
2023-02-04T16:00:00.000Z,Newcastle,West Ham,home,1.78,0,44.76821192052981
2023-04-07T16:00:00.000Z,Manchester Utd,Everton,home,1.94,94,44.38356164383561
2023-04-14T16:00:00.000Z,Tottenham,Bournemouth,home,2.09,-100,44.20289855072464
2022-08-15T16:00:00.000Z,Liverpool,Crystal Palace,home,1.96,0,42.73504273504274
2022-08-27T16:00:00.000Z,Arsenal,Fulham,home,2.26,125.99999999999997,42.71653543307087
2023-04-07T16:00:00.000Z,Aston Villa,Nottingham Forest,home,1.94,94,42.48275862068965
2024-11-22T16:00:00.000Z,Fulham,Wolves,home,1.83,-100,42.12765957446809
2024-04-23T16:00:00.000Z,Arsenal,Chelsea,home,1.79,79,41.84615384615384
2023-02-18T16:00:00.000Z,Manchester Utd,Leicester,home,1.84,84.00000000000001,41.83098591549296
2023-09-23T16:00:00.000Z,Brighton,Bournemouth,home,1.93,93,41.642857142857146
2023-05-20T16:00:00.000Z,Manchester City,Chelsea,home,1.95,95,41.25
2024-09-20T16:00:00.000Z,Aston Villa,Wolves,home,2.03,102.99999999999999,41.16666666666667
2025-01-04T16:00:00.000Z,Fulham,Ipswich,home,1.86,0,41.13475177304965
2025-05-17T16:00:00.000Z,Everton,Southampton,home,1.86,86.00000000000001,41.015625
2024-04-05T16:00:00.000Z,Aston Villa,Brentford,home,1.98,0,41.00671140939597
2025-02-26T16:00:00.000Z,Liverpool,Newcastle,home,1.72,72,40.599999999999994
2023-12-28T16:00:00.000Z,Arsenal,West Ham,home,1.97,-100,40.5982905982906
2023-10-23T16:00:00.000Z,Tottenham,Fulham,home,1.97,97,40
2025-05-24T16:00:00.000Z,Bournemouth,Leicester,home,2.12,112.00000000000001,39.34426229508197
2024-03-09T16:00:00.000Z,West Ham,Burnley,home,1.78,0,38.94039735099338
2024-02-24T16:00:00.000Z,Wolves,Sheff Utd,home,2,100,38.208955223880594
2025-05-16T16:00:00.000Z,Chelsea,Manchester Utd,home,1.91,90.99999999999999,38.19444444444445
2024-09-14T16:00:00.000Z,Aston Villa,Everton,home,2.03,102.99999999999999,37.38562091503268
2023-03-15T16:00:00.000Z,Brighton,Crystal Palace,home,1.75,75,37.2983870967742
2024-05-18T16:00:00.000Z,Chelsea,Bournemouth,home,1.71,71,36.96
2024-12-21T16:00:00.000Z,Fulham,Southampton,home,1.89,0,36.80555555555556
2023-11-11T16:00:00.000Z,Aston Villa,Fulham,home,1.75,75,36.54362416107383
2024-01-31T16:00:00.000Z,Tottenham,Brentford,home,1.89,88.99999999999999,36.41379310344828
2023-03-18T16:00:00.000Z,Chelsea,Everton,home,1.96,0,36.36363636363636
2022-08-26T16:00:00.000Z,Chelsea,Leicester,home,1.8,80,36.328125
2024-02-02T16:00:00.000Z,Newcastle,Luton,home,2.08,0,36.2589928057554
2022-12-27T16:00:00.000Z,Chelsea,Bournemouth,home,2.14,114.00000000000001,35.86065573770492
2025-04-25T16:00:00.000Z,Chelsea,Everton,home,1.97,97,35.78947368421052
2023-02-10T16:00:00.000Z,Arsenal,Brentford,home,2.04,0,35.77777777777778
2025-02-21T16:00:00.000Z,Bournemouth,Wolves,home,1.73,-100,35.67567567567568
2023-05-03T16:00:00.000Z,Liverpool,Fulham,home,2.01,100.99999999999997,35.416666666666664
2023-05-02T16:00:00.000Z,Arsenal,Chelsea,home,1.99,99,35.374149659863946
2024-03-08T16:00:00.000Z,Bournemouth,Sheff Utd,home,2.08,0,35.12396694214876
2023-11-11T16:00:00.000Z,Liverpool,Brentford,home,2.15,114.99999999999999,35.08064516129033
2024-12-25T16:00:00.000Z,Manchester City,Everton,home,2.09,0,35.08064516129033
2023-03-01T16:00:00.000Z,Liverpool,Wolves,home,1.77,77,34.53237410071942
2025-04-12T16:00:00.000Z,Arsenal,Brentford,home,1.73,0,34.45945945945946
2024-03-01T16:00:00.000Z,Tottenham,Crystal Palace,home,2.04,104,34.07142857142857
2023-02-19T16:00:00.000Z,Tottenham,West Ham,home,2.04,104,34.04761904761905
2022-11-11T16:00:00.000Z,Tottenham,Leeds,home,1.7,70,34.013605442176875
2023-05-25T16:00:00.000Z,Manchester Utd,Chelsea,home,1.81,81,33.9568345323741
2022-09-03T16:00:00.000Z,Brighton,Leicester,home,2.17,117,33.5195530726257
2024-05-10T16:00:00.000Z,Everton,Sheff Utd,home,1.78,78,33.07086614173228
2025-05-20T16:00:00.000Z,Manchester City,Bournemouth,home,2.14,114.00000000000001,32.78688524590164
2024-11-29T16:00:00.000Z,Nottingham Forest,Ipswich,home,1.82,82,32.29032258064516
2023-02-13T16:00:00.000Z,Liverpool,Everton,home,1.87,87.00000000000001,32.11267605633803
2024-12-25T16:00:00.000Z,Chelsea,Fulham,home,1.91,-100,32.10526315789473
2024-10-05T16:00:00.000Z,Chelsea,Nottingham Forest,home,1.95,0,31.865671641791042
2024-11-09T16:00:00.000Z,Liverpool,Aston Villa,home,1.97,97,31.865671641791042
2023-12-16T16:00:00.000Z,Arsenal,Brighton,home,1.91,90.99999999999999,31.57894736842105
2023-02-03T16:00:00.000Z,Brentford,Southampton,home,2,100,31.445783132530117
2023-12-08T16:00:00.000Z,Manchester Utd,Bournemouth,home,1.73,-100,31.208053691275172
2023-12-01T16:00:00.000Z,Brentford,Luton,home,1.79,79,31.167883211678827
2022-10-28T16:00:00.000Z,Newcastle,Aston Villa,home,1.93,93,30.74534161490683
2024-02-24T16:00:00.000Z,Arsenal,Newcastle,home,2.11,110.99999999999999,30.241935483870968
2023-05-27T16:00:00.000Z,Manchester Utd,Fulham,home,1.92,92,29.555555555555554
2024-12-13T16:00:00.000Z,Newcastle,Leicester,home,1.95,95,29.41176470588236
2023-01-14T16:00:00.000Z,Brentford,Bournemouth,home,1.98,98,29.38775510204082
2025-04-11T16:00:00.000Z,Nottingham Forest,Everton,home,2.21,-100,29.30232558139535
2025-04-03T16:00:00.000Z,Chelsea,Tottenham,home,1.75,75,29.139072847682122
2024-10-04T16:00:00.000Z,Manchester City,Fulham,home,1.88,87.99999999999999,28.695652173913047
2023-10-06T16:00:00.000Z,Fulham,Sheff Utd,home,1.8,80,27.391304347826086
2022-10-19T16:00:00.000Z,Liverpool,West Ham,home,1.84,84.00000000000001,27.131782945736433
2023-12-17T16:00:00.000Z,Liverpool,Manchester Utd,home,2.05,0,27.016129032258064
2023-08-25T16:00:00.000Z,Chelsea,Luton,home,2,100,26.923076923076927
2024-12-15T16:00:00.000Z,Manchester City,Manchester Utd,home,2.07,-100,26.853146853146853
2024-01-31T16:00:00.000Z,Liverpool,Chelsea,home,1.75,75,26.644736842105264
2023-03-12T16:00:00.000Z,Newcastle,Wolves,home,1.76,76,26.42384105960265
2025-05-03T16:00:00.000Z,Arsenal,Bournemouth,home,1.77,-100,26.133333333333336
2024-03-02T16:00:00.000Z,Manchester City,Manchester Utd,home,1.86,86.00000000000001,26.05042016806723
2025-04-01T16:00:00.000Z,Arsenal,Fulham,home,2.08,108,25.925925925925924
2023-03-03T16:00:00.000Z,Brighton,West Ham,home,1.82,82,25.714285714285715
2024-11-22T16:00:00.000Z,Aston Villa,Crystal Palace,home,1.87,0,25.50955414012739
2024-02-03T16:00:00.000Z,Sheff Utd,Aston Villa,away,1.71,71,-4.185858585858585
2022-10-15T16:00:00.000Z,Southampton,West Ham,away,2.1,0,-4.191176470588235
2025-03-10T16:00:00.000Z,West Ham,Newcastle,away,1.91,90.99999999999999,-4.197952218430034
2022-10-15T16:00:00.000Z,Leeds,Arsenal,away,1.98,98,-4.228571428571429
2025-05-10T16:00:00.000Z,Bournemouth,Aston Villa,away,1.96,96,-4.241379310344828
2024-09-21T16:00:00.000Z,Crystal Palace,Manchester Utd,away,1.93,0,-4.258741258741258
2025-04-25T16:00:00.000Z,Southampton,Fulham,away,1.87,87.00000000000001,-4.260674157303371
2023-01-03T16:00:00.000Z,Everton,Brighton,away,1.96,96,-4.28
2024-11-01T16:00:00.000Z,Ipswich,Leicester,away,1.91,0,-4.2898550724637685
2024-10-18T16:00:00.000Z,Southampton,Leicester,away,1.91,90.99999999999999,-4.2961165048543695
2023-11-03T16:00:00.000Z,Fulham,Manchester Utd,away,1.94,94,-4.3125
2025-03-09T16:00:00.000Z,Manchester Utd,Arsenal,away,1.89,0,-4.324210526315789
2023-11-24T16:00:00.000Z,Nottingham Forest,Brighton,away,1.81,81,-4.333333333333333
2023-03-04T16:00:00.000Z,Southampton,Leicester,away,1.78,-100,-4.365671641791044
2024-01-21T16:00:00.000Z,Bournemouth,Liverpool,away,1.78,78,-4.371428571428571
2024-12-21T16:00:00.000Z,Everton,Chelsea,away,2.03,0,-4.391578947368421
2022-11-05T16:00:00.000Z,Chelsea,Arsenal,away,1.85,85.00000000000001,-4.4106463878327
2024-05-11T16:00:00.000Z,Nottingham Forest,Chelsea,away,2,100,-4.426666666666667
2024-10-05T16:00:00.000Z,Everton,Newcastle,away,2.14,0,-4.436619718309859
2024-12-25T16:00:00.000Z,Southampton,West Ham,away,1.95,95,-4.452296819787986
2024-03-01T16:00:00.000Z,Nottingham Forest,Liverpool,away,1.87,87.00000000000001,-4.454901960784314
2024-02-16T16:00:00.000Z,Brentford,Liverpool,away,2,100,-4.461363636363636
2024-02-18T16:00:00.000Z,Luton,Manchester Utd,away,1.86,86.00000000000001,-4.485714285714286
2022-11-12T16:00:00.000Z,Wolves,Arsenal,away,1.87,87.00000000000001,-4.496666666666666
2025-02-21T16:00:00.000Z,Leicester,Brentford,away,1.72,72,-4.504615384615384
2023-05-20T16:00:00.000Z,Nottingham Forest,Arsenal,away,2.04,-100,-4.516129032258064
2024-05-02T16:00:00.000Z,Chelsea,Tottenham,away,2.04,-100,-4.516129032258065
2023-10-21T16:00:00.000Z,Chelsea,Arsenal,away,1.88,0,-4.538709677419354
2023-04-15T16:00:00.000Z,Nottingham Forest,Manchester Utd,away,1.81,81,-4.538947368421053
2024-04-02T16:00:00.000Z,Nottingham Forest,Fulham,away,1.82,-100,-4.55078125
2023-01-20T16:00:00.000Z,Bournemouth,Nottingham Forest,away,1.82,0,-4.552238805970148
2024-09-20T16:00:00.000Z,Fulham,Newcastle,away,1.97,-100,-4.553956834532374
2023-11-04T16:00:00.000Z,Newcastle,Arsenal,away,1.82,-100,-4.571984435797666
2025-04-05T16:00:00.000Z,Manchester Utd,Manchester City,away,1.75,0,-4.578461538461538
2024-03-01T16:00:00.000Z,Fulham,Brighton,away,2.07,-100,-4.581497797356828
2023-02-10T16:00:00.000Z,West Ham,Chelsea,away,1.8,0,-4.635294117647058
2025-01-15T16:00:00.000Z,Everton,Aston Villa,away,1.92,92,-4.637499999999999
2023-04-14T16:00:00.000Z,Wolves,Brentford,away,1.85,-100,-4.645522388059701
2024-10-18T16:00:00.000Z,Fulham,Aston Villa,away,2.08,108,-4.6755555555555555
2024-05-03T16:00:00.000Z,Luton,Everton,away,1.84,0,-4.677419354838709
2025-04-04T16:00:00.000Z,Crystal Palace,Brighton,away,2.05,-100,-4.681222707423581
2024-04-12T16:00:00.000Z,Burnley,Brighton,away,2.1,0,-4.712328767123288
2022-11-05T16:00:00.000Z,Southampton,Newcastle,away,2,100,-4.7142857142857135
2024-12-06T16:00:00.000Z,Crystal Palace,Manchester City,away,1.84,0,-4.716279069767442
2023-12-07T16:00:00.000Z,Everton,Newcastle,away,1.9,-100,-4.736666666666666
2023-05-12T16:00:00.000Z,Leeds,Newcastle,away,2,0,-4.736842105263158
2022-10-21T16:00:00.000Z,Everton,Crystal Palace,away,2.1,-100,-4.776371308016877
2025-01-14T16:00:00.000Z,West Ham,Fulham,away,2.04,-100,-4.778181818181818
2023-11-27T16:00:00.000Z,Fulham,Wolves,away,1.76,-100,-4.793103448275862
2024-10-26T16:00:00.000Z,Crystal Palace,Tottenham,away,2.09,-100,-4.816901408450704
2024-02-16T16:00:00.000Z,Fulham,Aston Villa,away,1.88,87.99999999999999,-4.861111111111112
2024-08-30T16:00:00.000Z,Everton,Bournemouth,away,1.71,71,-4.861313868613139
2024-12-20T16:00:00.000Z,West Ham,Brighton,away,1.89,0,-4.896265560165975
2023-12-21T16:00:00.000Z,Crystal Palace,Brighton,away,1.94,0,-4.911475409836067
2024-02-10T16:00:00.000Z,Nottingham Forest,Newcastle,away,1.78,78,-4.929032258064516
2022-08-19T16:00:00.000Z,Crystal Palace,Aston Villa,away,2.13,-100,-4.935064935064935
2024-03-02T16:00:00.000Z,Luton,Aston Villa,away,1.79,79,-4.948837209302326
2023-11-11T16:00:00.000Z,Bournemouth,Newcastle,away,2.09,-100,-4.95
2023-11-04T16:00:00.000Z,Nottingham Forest,Aston Villa,away,2.09,-100,-4.994594594594594
2025-05-24T16:00:00.000Z,Tottenham,Brighton,away,2.14,114.00000000000001,-5.0181818181818185
2023-01-03T16:00:00.000Z,Leicester,Fulham,away,1.81,81,-5.055555555555555
2024-02-02T16:00:00.000Z,Burnley,Fulham,away,1.77,0,-5.095588235294117
2024-11-29T16:00:00.000Z,Wolves,Bournemouth,away,1.93,93,-5.1265822784810124
2024-10-25T16:00:00.000Z,Leicester,Nottingham Forest,away,2.11,110.99999999999999,-5.133333333333334
2022-09-01T16:00:00.000Z,Leicester,Manchester Utd,away,1.83,83,-5.1466666666666665
2024-03-30T16:00:00.000Z,Brentford,Manchester Utd,away,2.14,0,-5.147058823529412
2023-10-20T16:00:00.000Z,Bournemouth,Wolves,away,1.82,82,-5.185185185185184
2023-05-04T16:00:00.000Z,Brighton,Manchester Utd,away,1.91,-100,-5.203883495145631
2024-12-04T16:00:00.000Z,Newcastle,Liverpool,away,2.19,0,-5.235294117647059
2024-10-04T16:00:00.000Z,Crystal Palace,Liverpool,away,2.04,104,-5.241666666666667
2024-12-05T16:00:00.000Z,Bournemouth,Tottenham,away,1.89,-100,-5.242718446601942
2024-11-22T16:00:00.000Z,Everton,Brentford,away,1.82,0,-5.246511627906976
2024-02-02T16:00:00.000Z,Everton,Tottenham,away,1.85,0,-5.333333333333332
2023-05-27T16:00:00.000Z,Brentford,Manchester City,away,1.85,-100,-5.333333333333333
2023-08-25T16:00:00.000Z,Bournemouth,Tottenham,away,2.19,119,-5.343283582089552
2023-11-26T16:00:00.000Z,Everton,Manchester Utd,away,1.84,84.00000000000001,-5.3538461538461535
2023-05-15T16:00:00.000Z,Leicester,Liverpool,away,1.82,82,-5.3580246913580245
2024-11-29T16:00:00.000Z,Crystal Palace,Newcastle,away,1.9,0,-5.468013468013467
2022-10-20T16:00:00.000Z,Leicester,Leeds,away,1.88,-100,-5.519230769230769
2022-10-15T16:00:00.000Z,Aston Villa,Chelsea,away,2.19,119,-5.548051948051948
2024-04-05T16:00:00.000Z,Fulham,Newcastle,away,2.04,104,-5.580357142857142
2024-12-08T16:00:00.000Z,Tottenham,Chelsea,away,1.88,87.99999999999999,-5.611510791366906
2022-08-30T16:00:00.000Z,Fulham,Brighton,away,1.94,-100,-5.651612903225806
2023-03-17T16:00:00.000Z,Southampton,Tottenham,away,1.95,0,-5.661538461538462
2024-09-14T16:00:00.000Z,Tottenham,Arsenal,away,1.86,86.00000000000001,-5.677685950413223
2024-11-08T16:00:00.000Z,Crystal Palace,Fulham,away,1.95,95,-5.691275167785235
2023-11-03T16:00:00.000Z,Everton,Brighton,away,2.04,0,-5.7272727272727275
2022-12-30T16:00:00.000Z,Wolves,Manchester Utd,away,2.09,108.99999999999999,-5.733333333333333
2023-08-18T16:00:00.000Z,Wolves,Brighton,away,2,100,-5.747368421052632
2023-12-26T16:00:00.000Z,Manchester Utd,Aston Villa,away,2.07,-100,-5.762331838565022
2022-08-26T16:00:00.000Z,Brighton,Leeds,away,1.92,-100,-5.786163522012577
2023-02-10T16:00:00.000Z,Leicester,Tottenham,away,1.76,-100,-5.846153846153846
2024-08-30T16:00:00.000Z,Ipswich,Fulham,away,1.96,0,-5.909407665505226
2023-02-24T16:00:00.000Z,Everton,Aston Villa,away,2.08,108,-5.92436974789916
2022-12-25T16:00:00.000Z,Leicester,Newcastle,away,1.79,79,-5.938461538461539
2023-05-07T16:00:00.000Z,West Ham,Manchester Utd,away,1.71,-100,-5.943283582089552
2023-04-08T16:00:00.000Z,Liverpool,Arsenal,away,1.79,0,-5.992217898832686
2024-08-30T16:00:00.000Z,Arsenal,Brighton,away,1.68,0,-6
2023-09-01T16:00:00.000Z,Luton,West Ham,away,1.87,87.00000000000001,-6.035955056179776
2023-04-27T16:00:00.000Z,Southampton,Bournemouth,away,2.11,110.99999999999999,-6.052631578947368
2024-01-14T16:00:00.000Z,Manchester Utd,Tottenham,away,2.02,0,-6.072538860103628
2024-10-18T16:00:00.000Z,Manchester Utd,Brentford,away,1.84,-100,-6.10738255033557
2025-04-04T16:00:00.000Z,Everton,Arsenal,away,2.28,0,-6.1116883116883125
2024-04-24T16:00:00.000Z,Crystal Palace,Newcastle,away,1.88,-100,-6.143344709897611
2022-10-14T16:00:00.000Z,Leicester,Crystal Palace,away,1.78,0,-6.153846153846155
2022-11-04T16:00:00.000Z,Wolves,Brighton,away,1.77,77,-6.217391304347825
2023-12-16T16:00:00.000Z,Burnley,Everton,away,1.85,85.00000000000001,-6.21875
2024-04-13T16:00:00.000Z,Bournemouth,Manchester Utd,away,1.94,0,-6.236842105263158
2023-04-04T16:00:00.000Z,Leeds,Nottingham Forest,away,1.99,-100,-6.258064516129032
2023-04-27T16:00:00.000Z,Everton,Newcastle,away,2.1,110.00000000000001,-6.296296296296297
2024-03-01T16:00:00.000Z,Everton,West Ham,away,1.99,99,-6.331658291457287
2023-08-26T16:00:00.000Z,Newcastle,Liverpool,away,1.87,87.00000000000001,-6.350710900473935
2024-05-03T16:00:00.000Z,Burnley,Newcastle,away,2.09,108.99999999999999,-6.363636363636364
2023-05-27T16:00:00.000Z,Leicester,West Ham,away,2.05,-100,-6.421052631578947
2023-12-30T16:00:00.000Z,Nottingham Forest,Manchester Utd,away,1.8,-100,-6.426229508196721
2023-10-07T16:00:00.000Z,Wolves,Aston Villa,away,1.77,0,-6.430769230769231
2024-12-30T16:00:00.000Z,Manchester Utd,Newcastle,away,1.82,82,-6.444444444444444
2025-02-22T16:00:00.000Z,Aston Villa,Chelsea,away,1.99,-100,-6.469565217391304
2025-04-05T16:00:00.000Z,Brentford,Chelsea,away,2.04,0,-6.490566037735849
2023-09-15T16:00:00.000Z,Aston Villa,Crystal Palace,away,1.72,-100,-6.514285714285713
2025-05-17T16:00:00.000Z,West Ham,Nottingham Forest,away,2.05,104.99999999999999,-6.534798534798535
2022-11-11T16:00:00.000Z,Nottingham Forest,Crystal Palace,away,1.98,-100,-6.57
2024-09-28T16:00:00.000Z,Ipswich,Aston Villa,away,2.2,0,-6.591549295774648
2024-03-29T16:00:00.000Z,Newcastle,West Ham,away,1.87,-100,-6.676829268292683
2023-11-24T16:00:00.000Z,Burnley,West Ham,away,1.82,82,-6.771874999999999
2025-05-03T16:00:00.000Z,Chelsea,Liverpool,away,1.9,-100,-6.78921568627451
2024-12-05T16:00:00.000Z,Fulham,Brighton,away,1.88,-100,-6.799999999999999
2025-01-24T16:00:00.000Z,Bournemouth,Nottingham Forest,away,2.11,-100,-6.80628272251309
2025-02-01T16:00:00.000Z,Wolves,Aston Villa,away,1.98,-100,-6.830935251798561
2024-09-14T16:00:00.000Z,Wolves,Newcastle,away,1.72,72,-6.9375
2025-01-06T16:00:00.000Z,Wolves,Nottingham Forest,away,1.67,67,-6.962162162162163
2024-02-03T16:00:00.000Z,Manchester Utd,West Ham,away,1.96,-100,-6.971830985915494
2023-02-11T16:00:00.000Z,Leeds,Manchester Utd,away,2.14,114.00000000000001,-6.9802816901408455
2025-03-14T16:00:00.000Z,Ipswich,Nottingham Forest,away,2.16,116.00000000000001,-7.039999999999999
2024-11-03T16:00:00.000Z,Manchester Utd,Chelsea,away,1.93,0,-7.08974358974359
2022-09-03T16:00:00.000Z,Manchester Utd,Arsenal,away,1.91,-100,-7.232365145228216
2022-10-08T16:00:00.000Z,Crystal Palace,Leeds,away,2.09,-100,-7.234042553191489
2023-04-03T16:00:00.000Z,Everton,Tottenham,away,1.77,0,-7.234782608695651
2022-12-25T16:00:00.000Z,Southampton,Brighton,away,1.8,80,-7.236923076923077
2023-12-16T16:00:00.000Z,Brentford,Aston Villa,away,1.95,95,-7.241379310344827
2023-04-14T16:00:00.000Z,Southampton,Crystal Palace,away,1.82,82,-7.2835820895522385
2023-09-01T16:00:00.000Z,Burnley,Tottenham,away,2.16,116.00000000000001,-7.375
2022-09-16T16:00:00.000Z,Nottingham Forest,Fulham,away,2.1,110.00000000000001,-7.3963636363636365
2022-11-05T16:00:00.000Z,West Ham,Crystal Palace,away,1.76,76,-7.4561403508771935
2023-04-05T16:00:00.000Z,West Ham,Newcastle,away,1.85,85.00000000000001,-7.458461538461538
2023-04-29T16:00:00.000Z,Liverpool,Tottenham,away,2.11,-100,-7.5362318840579725
2024-08-23T16:00:00.000Z,Southampton,Nottingham Forest,away,1.79,79,-7.616438356164384
2022-11-05T16:00:00.000Z,Aston Villa,Manchester Utd,away,1.88,-100,-7.703225806451613
2024-11-22T16:00:00.000Z,Bournemouth,Brighton,away,2.02,102,-7.746666666666667
2023-05-27T16:00:00.000Z,Chelsea,Newcastle,away,1.87,0,-7.7666666666666675
2023-03-03T16:00:00.000Z,Wolves,Tottenham,away,1.95,-100,-7.790163934426231
2023-12-02T16:00:00.000Z,Bournemouth,Aston Villa,away,1.8,0,-7.883870967741935
2022-08-12T16:00:00.000Z,Wolves,Fulham,away,1.97,0,-7.920792079207921
2022-09-02T16:00:00.000Z,Brentford,Leeds,away,2,-100,-7.954545454545455
2023-04-21T16:00:00.000Z,Leicester,Wolves,away,1.82,-100,-8.082191780821919
2023-09-15T16:00:00.000Z,Manchester Utd,Brighton,away,2.08,108,-8.198924731182794
2025-02-14T16:00:00.000Z,Fulham,Nottingham Forest,away,1.9,-100,-8.200000000000001
2023-03-15T16:00:00.000Z,Southampton,Brentford,away,2.02,102,-8.212837837837839
2023-12-09T16:00:00.000Z,Fulham,West Ham,away,1.9,-100,-8.267942583732058
2025-05-05T16:00:00.000Z,Crystal Palace,Nottingham Forest,away,1.93,0,-8.579710144927537
2023-11-10T16:00:00.000Z,Wolves,Tottenham,away,1.95,-100,-8.696864111498257
2023-01-21T16:00:00.000Z,Leeds,Brentford,away,1.81,0,-8.838709677419356
2024-08-23T16:00:00.000Z,Fulham,Leicester,away,1.75,-100,-8.901734104046243
2024-04-03T16:00:00.000Z,Brentford,Brighton,away,1.74,0,-8.928571428571427
2023-01-20T16:00:00.000Z,Southampton,Aston Villa,away,1.94,94,-9
2023-05-27T16:00:00.000Z,Leeds,Tottenham,away,1.75,75,-9.159533073929962
2023-05-12T16:00:00.000Z,Southampton,Fulham,away,1.85,85.00000000000001,-9.166666666666668
2022-11-04T16:00:00.000Z,Nottingham Forest,Brentford,away,1.94,0,-9.327935222672064
2024-12-20T16:00:00.000Z,Brentford,Nottingham Forest,away,1.78,78,-9.392857142857142
2024-01-13T16:00:00.000Z,Everton,Aston Villa,away,1.95,0,-9.42489270386266
2022-08-27T16:00:00.000Z,Wolves,Newcastle,away,1.96,0,-9.442622950819672
2022-09-16T16:00:00.000Z,Aston Villa,Southampton,away,2.14,-100,-9.510869565217392
2024-11-02T16:00:00.000Z,Tottenham,Aston Villa,away,1.74,-100,-9.626436781609195
2025-05-19T16:00:00.000Z,Brighton,Liverpool,away,1.93,-100,-9.681592039800996
2023-08-19T16:00:00.000Z,Aston Villa,Everton,away,1.84,-100,-9.93939393939394
2024-04-12T16:00:00.000Z,Nottingham Forest,Wolves,away,2.05,0,-9.948186528497411
2023-03-11T16:00:00.000Z,West Ham,Aston Villa,away,1.87,0,-9.97663551401869
2022-08-26T16:00:00.000Z,Liverpool,Bournemouth,away,2.01,-100,-10
2023-04-04T16:00:00.000Z,Leicester,Aston Villa,away,1.91,90.99999999999999,-10
2024-05-06T16:00:00.000Z,Crystal Palace,Manchester Utd,away,2,-100,-10.020304568527918
2023-05-27T16:00:00.000Z,Everton,Bournemouth,away,1.82,-100,-10.135135135135135
2022-08-31T16:00:00.000Z,West Ham,Tottenham,away,1.88,0,-10.149999999999999
2022-08-19T16:00:00.000Z,Fulham,Brentford,away,1.94,-100,-10.284552845528454
2022-12-30T16:00:00.000Z,West Ham,Brentford,away,2.09,108.99999999999999,-10.421052631578947
2025-02-25T16:00:00.000Z,Wolves,Fulham,away,1.81,81,-10.475336322869955
2024-01-20T16:00:00.000Z,Sheff Utd,West Ham,away,2.07,0,-10.503623188405797
2025-04-05T16:00:00.000Z,Aston Villa,Nottingham Forest,away,2.05,-100,-10.578947368421053
2023-03-10T16:00:00.000Z,Everton,Brentford,away,2,-100,-11.012145748987855
2023-03-31T16:00:00.000Z,Bournemouth,Fulham,away,2.05,-100,-11.344537815126051
2024-05-04T16:00:00.000Z,Brighton,Aston Villa,away,2.03,-100,-11.376146788990825
2024-12-04T16:00:00.000Z,Aston Villa,Brentford,away,2.02,-100,-11.50326797385621
2023-04-14T16:00:00.000Z,Everton,Fulham,away,1.98,98,-11.551724137931036
2024-04-04T16:00:00.000Z,Chelsea,Manchester Utd,away,1.79,-100,-11.59090909090909
2023-02-03T16:00:00.000Z,Chelsea,Fulham,away,1.89,0,-11.875
2024-04-20T16:00:00.000Z,Crystal Palace,West Ham,away,1.96,-100,-12.079207920792078
2024-02-16T16:00:00.000Z,Nottingham Forest,West Ham,away,1.85,-100,-12.156398104265403
2024-12-21T16:00:00.000Z,Manchester Utd,Bournemouth,away,1.89,88.99999999999999,-12.345679012345679
2025-02-22T16:00:00.000Z,Newcastle,Nottingham Forest,away,1.76,-100,-12.383720930232558
2022-08-20T16:00:00.000Z,West Ham,Brighton,away,1.78,78,-12.410714285714285
2024-12-07T16:00:00.000Z,Manchester Utd,Nottingham Forest,away,2.07,106.99999999999999,-12.715231788079471
2023-12-02T16:00:00.000Z,Chelsea,Brighton,away,1.9,-100,-12.789115646258503
2023-08-25T16:00:00.000Z,Manchester Utd,Nottingham Forest,away,1.67,-100,-12.8
2024-04-02T16:00:00.000Z,Burnley,Wolves,away,1.82,0,-12.811059907834101
2024-12-28T16:00:00.000Z,Everton,Nottingham Forest,away,1.97,97,-12.864
2022-10-22T16:00:00.000Z,Leeds,Fulham,away,2.06,106,-13.333333333333334
2023-09-16T16:00:00.000Z,Newcastle,Brentford,away,2.12,-100,-13.783783783783782
2022-08-19T16:00:00.000Z,Everton,Nottingham Forest,away,1.73,0,-13.872832369942197
2022-10-22T16:00:00.000Z,Aston Villa,Brentford,away,2.08,-100,-14.24083769633508
2022-10-24T16:00:00.000Z,West Ham,Bournemouth,away,1.81,-100,-14.594594594594597
2022-09-02T16:00:00.000Z,Wolves,Southampton,away,1.99,-100,-14.924623115577889
2025-04-21T16:00:00.000Z,Tottenham,Nottingham Forest,away,1.78,78,-15.922018348623851
2022-08-31T16:00:00.000Z,Liverpool,Newcastle,away,1.93,-100,-16.239316239316242
2022-08-12T16:00:00.000Z,Southampton,Leeds,away,1.79,0,-16.64864864864865
2023-09-23T16:00:00.000Z,Chelsea,Aston Villa,away,1.82,82,-16.867469879518072
2024-09-20T16:00:00.000Z,Tottenham,Brentford,away,1.94,-100,-17.74436090225564
2023-02-24T16:00:00.000Z,West Ham,Nottingham Forest,away,2.05,-100,-18.543046357615893
2022-09-30T16:00:00.000Z,Liverpool,Brighton,away,1.9,0,-19.548872180451127
2022-10-08T16:00:00.000Z,West Ham,Fulham,away,2.18,-100,-25.89041095890411
2024-05-18T16:00:00.000Z,Crystal Palace,Aston Villa,away,2.11,-100,-26.57718120805369